{"config_name": "recursive_grid_33_symbols_486days",
 "logging_level": 0,
 "long": {"auto_unstuck_delay_minutes": 0.0,
          "auto_unstuck_ema_dist": -0.013801310789452468,
          "auto_unstuck_qty_pct": 0,
          "auto_unstuck_wallet_exposure_threshold": 0.018681660804762634,
          "backwards_tp": true,
          "ddown_factor": 1.0876886495388454,
          "ema_span_0": 907.6254397197799,
          "ema_span_1": 874.1677712461238,
          "enabled": true,
          "initial_eprice_ema_dist": 0.000782044789292221,
          "initial_qty_pct": 0.011934264419618748,
          "markup_range": 0.0024944610065324325,
          "min_markup": 0.0089071541698323,
          "n_close_orders": 6.645066540063572,
          "rentry_pprice_dist": 0.05764972776535436,
          "rentry_pprice_dist_wallet_exposure_weighting": 2.351196129873328,
          "wallet_exposure_limit": 1},
 "short": {"auto_unstuck_delay_minutes": 0.0,
           "auto_unstuck_ema_dist": -0.08341063576427253,
           "auto_unstuck_qty_pct": 0.0,
           "auto_unstuck_wallet_exposure_threshold": 0.02287347083767598,
           "backwards_tp": true,
           "ddown_factor": 2.597097052367202,
           "ema_span_0": 1186.2234255628412,
           "ema_span_1": 53.45372879500647,
           "enabled": false,
           "initial_eprice_ema_dist": 0.4250902997401312,
           "initial_qty_pct": 0.06994424674780995,
           "markup_range": 0.03898508850399608,
           "min_markup": 0.002523317895526577,
           "n_close_orders": 10,
           "rentry_pprice_dist": 0.03828055122726095,
           "rentry_pprice_dist_wallet_exposure_weighting": 6.809212678822115,
           "wallet_exposure_limit": 1.0}}