{"config_name": "recursive_grid_33_symbols_486days",
 "logging_level": 0,
 "long": {"auto_unstuck_delay_minutes": 0.0,
          "auto_unstuck_ema_dist": -0.013801310789452468,
          "auto_unstuck_qty_pct": 0,
          "auto_unstuck_wallet_exposure_threshold": 0.018681660804762634,
          "backwards_tp": true,
          "ddown_factor": 0.5993117529726236,
          "ema_span_0": 667.874987183752,
          "ema_span_1": 780.6496926176429,
          "enabled": true,
          "initial_eprice_ema_dist": 0.018429036027757875,
          "initial_qty_pct": 0.0102679843315546,
          "markup_range": 0.005480648933498879,
          "min_markup": 0.0034661648370830954,
          "n_close_orders": 2,
          "rentry_pprice_dist": 0.037976489595961116,
          "rentry_pprice_dist_wallet_exposure_weighting": 3.4651203498294794,
          "wallet_exposure_limit": 1},
 "short": {"auto_unstuck_delay_minutes": 0.0,
           "auto_unstuck_ema_dist": -0.08341063576427253,
           "auto_unstuck_qty_pct": 0.0,
           "auto_unstuck_wallet_exposure_threshold": 0.02287347083767598,
           "backwards_tp": true,
           "ddown_factor": 2.597097052367202,
           "ema_span_0": 1186.2234255628412,
           "ema_span_1": 53.45372879500647,
           "enabled": false,
           "initial_eprice_ema_dist": 0.4250902997401312,
           "initial_qty_pct": 0.06994424674780995,
           "markup_range": 0.03898508850399608,
           "min_markup": 0.002523317895526577,
           "n_close_orders": 10,
           "rentry_pprice_dist": 0.03828055122726095,
           "rentry_pprice_dist_wallet_exposure_weighting": 6.809212678822115,
           "wallet_exposure_limit": 1.0}}